[
    {
        "Input Brand":"BKRM",
        "Input Part":"81141",
        "Input Description":"Radiator Coolant Hose",
        "URL":"https:\/\/www.autozone.com\/cooling-heating-and-climate-control\/hose-upper\/p\/duralast-radiator-coolant-hose-81141\/883561_0_0",
        "Manufacture Part No":[

        ],
        "Other Details":[
            "PRODUCT SPECIFICATIONS Part #81141SKU #883561Weight0.55lbs ",
            "PRODUCT SPECIFICATIONS Part #81141SKU #883561Weight0.55lbs "
        ]
    },
    {
        "Input Brand":"BKRM",
        "Input Part":"81141",
        "Input Description":"Radiator Coolant Hose",
        "URL":"https:\/\/www.autozone.com\/cooling-heating-and-climate-control\/hose-upper\/chevrolet\/nomad",
        "Manufacture Part No":[

        ],
        "Other Details":[

        ]
    },
    {
        "Input Brand":"BKRM",
        "Input Part":"81141",
        "Input Description":"Radiator Coolant Hose",
        "URL":"https:\/\/kalpartz.com\/radiator-hose\/",
        "Manufacture Part No":[

        ],
        "Other Details":[

        ]
    },
    {
        "Input Brand":"BKRM",
        "Input Part":"81141",
        "Input Description":"Radiator Coolant Hose",
        "URL":"https:\/\/www.partcatalog.com\/dayco-81141-radiator-coolant-hose.html?srsltid=AfmBOop7aBs1vnhpmR1TP6Eo9oz8e9uCPIHWp0opRv0pQufzL2gWc-pS",
        "Manufacture Part No":[

        ],
        "Other Details":[
            "Dayco 81141 Radiator Coolant HoseFits: Alfa Romeo 164, American Motors AMX, American Motors Concord, American Motors Eagle, American Motors Gremlin, American Motors Hornet, American Motors Javelin, American Motors Matador, American Motors Spirit, Buick Century + 242 More (check fitment chart for compatibility)Confirm fitment with our fitment and interchange chart below ",
            "Interchanges 6M12 ACDelco 31634 Atlas 524 Autopar RH35 AutoZone C6413 Bowes 1212 CARQUEST 25474 Chief C6413 Conoco FH30 Duralast 81141 Ford B7AA-8260-A, C2RZ-8260-C, C9AE-8B274-F, C9PZ-8260-N Freshstart 1212 Gates 25474, 26413 Goodyear 52412 Gulf 6012 Hyster 118772, 145817 International Harvester (IHC) 153190 John Deere T22496T, T24496, T24496T Mazda 1881-15-511 Mopar BH610 Motorcraft KB120 NAPA FF197, FM21 Navistar 134MGN1 Pirelli 612 Texaco 1212, 125 Uniroyal 6012, FC524 V&W 1212 "
        ]
    },
    {
        "Input Brand":"BKRM",
        "Input Part":"81141",
        "Input Description":"Radiator Coolant Hose",
        "URL":"https:\/\/www.autozone.com\/cooling-heating-and-climate-control\/hose-upper\/p\/duralast-radiator-coolant-hose-81141\/883561_0_0",
        "Manufacture Part No":[

        ],
        "Other Details":[
            "PRODUCT SPECIFICATIONS Part #81141SKU #883561Weight0.55lbs ",
            "PRODUCT SPECIFICATIONS Part #81141SKU #883561Weight0.55lbs "
        ]
    },
    {
        "Input Brand":"BKRM",
        "Input Part":"81141",
        "Input Description":"Radiator Coolant Hose",
        "URL":"https:\/\/shop.advanceautoparts.com\/c4\/radiator-hose\/10659",
        "Manufacture Part No":[

        ],
        "Other Details":[
            "Dayco Straight Radiator Hoses; EPDM Rubber, 2 3\/4 Inch Inner Diameter (Sold by inch) ",
            "Dayco Straight Radiator Hoses; EPDM Rubber, 36 Inch Long, 1 Inch Inner Dia. ",
            "Dayco Straight Coolant Hose (Standard) ",
            "Dayco Straight Radiator Hoses; EPDM Rubber, 1 1\/8 Inch Inner Diameter (Sold by inch) ",
            "Dayco Straight Radiator Hoses; EPDM Rubber, 7\/8 Inch Inner Diameter (Sold by inch) ",
            "Dayco Straight Radiator Hoses; EPDM Rubber, 1 3\/8 Inch Inner Diameter (Sold by inch) ",
            "Dayco Straight Coolant Hose (Standard) ",
            "Dayco Straight Radiator Hoses; EPDM Rubber, 2 3\/8 Inch Inner Diameter (Sold by inch) ",
            "Dayco Straight Radiator Hose, Standard (Sold by inch) "
        ]
    },
    {
        "Input Brand":"BKRM",
        "Input Part":"81141",
        "Input Description":"Radiator Coolant Hose",
        "URL":"https:\/\/vanhorntruckparts.com\/products\/1-id-x-750mm-radiator-hose-with-spring-561-75171?srsltid=AfmBOooEdzo5Puz0NnC5trOX79OgZF_DSFSy3ULZtRwO6zbwXT74q8yO",
        "Manufacture Part No":[

        ],
        "Other Details":[

        ]
    },
    {
        "Input Brand":"BKRM",
        "Input Part":"81141",
        "Input Description":"Radiator Coolant Hose",
        "URL":"https:\/\/www.autozone.com\/cooling-heating-and-climate-control\/hose-upper\/p\/duralast-radiator-coolant-hose-81141\/883561_0_0",
        "Manufacture Part No":[

        ],
        "Other Details":[
            "PRODUCT SPECIFICATIONS Part #81141SKU #883561Weight0.55lbs ",
            "PRODUCT SPECIFICATIONS Part #81141SKU #883561Weight0.55lbs "
        ]
    },
    {
        "Input Brand":"BKRM",
        "Input Part":"81141",
        "Input Description":"Radiator Coolant Hose",
        "URL":"https:\/\/www.ebay.com\/itm\/315536060032",
        "Manufacture Part No":[
            "Manufacturer Part Number81141 ",
            "Manufacturer Part Number81141 ",
            "Manufacturer Part Number81141 "
        ],
        "Other Details":[
            "Dayco 81141 Radiator Hose Dayco 81141 Radiator Hose \u00d7 Buy now and save! Shipping info Click the Shipping & Payments tab above the listing description for more info Click the Shipping & Payments tab above the listing description for more info! Additional delivery notes PICK UP OPTION Sorry, our items are NOT available for pick-up. PAYMENT Immediate payment is required upon selecting \"Buy It Now\" or upon checking out through the cart. We accept payment via U.S. PayPal accounts and all Major Credit Cards, Debit Cards & Google Pay. We are legally required to collect sales tax in those states and localities where we maintain a physical presence (nexus). The applicable amount of sales tax charged to an order will be calculated based on the shipment destination's state and local sales tax laws. Thank you for shopping with us on eBay! Additional Information No additional information at this time Ask seller a question You might also like K&N 98-02 Camaro\/Firebird V6-3.8L Performance Intake Kit K&N 15-16 Chevy Corvette Z06 6.2L V8 Aircharger Performance Intake K&N Replacement Round Straight Air Filter for 12-15 Ford Ranger CATCO 776206 CARB (CA, CO, NY, ME) Catalytic Converter Contact To contact our Customer Service Team, simply click the button here and our Customer Service team will be happy to assist. Ask seller a question \u00a9 Tierprice.com Shipping & Payments Click the Shipping & Payments tab above the listing description for more info Payment Accepted Payment Methods Immediate payment is required upon selecting \"Buy It Now\" or upon checking out through the cart. We accept payment via U.S. PayPal accounts and all Major Credit Cards, Debit Cards & Google Pay. We are legally required to collect sales tax in those states and localities where we maintain a physical presence (nexus). The applicable amount of sales tax charged to an order will be calculated based on the shipment destination's state and local sales tax laws. Thank you for shopping with us on eBay! Returns Returns are accepted Items must be returned within 30 days of the auction ending Buyer will pay for return shipping. eBay integration by "
        ]
    },
    {
        "Input Brand":"BKRM",
        "Input Part":"81141",
        "Input Description":"Radiator Coolant Hose",
        "URL":"https:\/\/www.ebay.com\/itm\/364038645308",
        "Manufacture Part No":[
            "Manufacturer Part Number81141 ",
            "OE\/OEM Part NumberBH610, ",
            "Manufacturer Part Number81141 ",
            "OE\/OEM Part NumberBH610, ",
            "SKUDY:81141 ",
            "Manufacturer Part Number81141 ",
            "OE\/OEM Part NumberBH610, "
        ],
        "Other Details":[

        ]
    },
    {
        "Input Brand":"BKRM",
        "Input Part":"81141",
        "Input Description":"Radiator Coolant Hose",
        "URL":"https:\/\/nickstruckparts.com\/pages\/hoses?srsltid=AfmBOopyPuG0lQfAD-nU2vvpoM3D68LinXBkLPIEOCMOSQInsFTr3LkZ",
        "Manufacture Part No":[

        ],
        "Other Details":[

        ]
    },
    {
        "Input Brand":"BKRM",
        "Input Part":"81141",
        "Input Description":"Radiator Coolant Hose",
        "URL":"https:\/\/nickstruckparts.com\/collections\/coolant-hoses?srsltid=AfmBOorINdovagXNdrndV76K7Ve4ak_ZimHaOS231EJFcWjdq16ZoWIO",
        "Manufacture Part No":[

        ],
        "Other Details":[

        ]
    },
    {
        "Input Brand":"BKRM",
        "Input Part":"81141",
        "Input Description":"Radiator Coolant Hose",
        "URL":"https:\/\/www.autozone.com\/cooling-heating-and-climate-control\/hose-upper\/p\/duralast-radiator-coolant-hose-81141\/883561_0_0",
        "Manufacture Part No":[

        ],
        "Other Details":[
            "PRODUCT SPECIFICATIONS Part #81141SKU #883561Weight0.55lbs ",
            "PRODUCT SPECIFICATIONS Part #81141SKU #883561Weight0.55lbs "
        ]
    },
    {
        "Input Brand":"BKRM",
        "Input Part":"81141",
        "Input Description":"Radiator Coolant Hose",
        "URL":"https:\/\/www.amazon.com\/Dayco-81141-Flex-Hose-1-1\/dp\/B000C0YQ08",
        "Manufacture Part No":[

        ],
        "Other Details":[

        ]
    },
    {
        "Input Brand":"BKRM",
        "Input Part":"81141",
        "Input Description":"Radiator Coolant Hose",
        "URL":"https:\/\/www.finditparts.com\/products\/5457730\/dayco-81141?srsltid=AfmBOopMJSKNClgOBAoRDETH-Lgn0a392C1blXSZqEki5eGopFy_Q187",
        "Manufacture Part No":[

        ],
        "Other Details":[
            "Verified Cross References ",
            "BWP-NSI CT52412 ",
            "DAYCO part description Product DescriptionFLEX RADIATOR HOSE, STANDARD, DAYCOAdditional Information Country of Origin (Primary) PK Harmonized Tariff Code (Schedule B) 4009310000 UPC 00038244142682 Part Interchanges Hyster 118772 Freshstart 1212 Bowes 1212 Texaco 1212 V&W 1212 Texaco 125 Navistar 134MGN1 Hyster 145817 International Harvester (IHC) 153190 Mazda 1881-15-511 Gates 25474 CARQUEST 25474 Gates 26413 ACDelco 31634 Atlas 524 Goodyear 52412 Uniroyal 6012 Gulf 6012 Pirelli 612 Mobil 6M12 Duralast 81141 Ford B7AA-8260-A Mopar BH610 Ford C2RZ-8260-C AutoZone C6413 Chief C6413 Ford C9AE-8B274-F Ford C9PZ-8260-N Uniroyal FC524 Conoco FH30 NAPA FM21 Motorcraft KB120 Autopar RH35 John Deere T22496T John Deere T24496 John Deere T24496T NAPA FF197 AUTOPAR RH35 DAYCO 81141 Cross Reference We have 1 alternatives for the 81141 by DAYCO:BWP-NSI CT52412 California Proposition 65 Warning WARNING: This product can expose you to chemical which is known to the State of California to cause cancer and birth defects or other reproductive harm. For more information, go to www.P65Warnings.ca.gov. (Read more) ",
            "DAYCO part description Product DescriptionFLEX RADIATOR HOSE, STANDARD, DAYCOAdditional Information Country of Origin (Primary) PK Harmonized Tariff Code (Schedule B) 4009310000 UPC 00038244142682 Part Interchanges Hyster 118772 Freshstart 1212 Bowes 1212 Texaco 1212 V&W 1212 Texaco 125 Navistar 134MGN1 Hyster 145817 International Harvester (IHC) 153190 Mazda 1881-15-511 Gates 25474 CARQUEST 25474 Gates 26413 ACDelco 31634 Atlas 524 Goodyear 52412 Uniroyal 6012 Gulf 6012 Pirelli 612 Mobil 6M12 Duralast 81141 Ford B7AA-8260-A Mopar BH610 Ford C2RZ-8260-C AutoZone C6413 Chief C6413 Ford C9AE-8B274-F Ford C9PZ-8260-N Uniroyal FC524 Conoco FH30 NAPA FM21 Motorcraft KB120 Autopar RH35 John Deere T22496T John Deere T24496 John Deere T24496T NAPA FF197 AUTOPAR RH35 DAYCO 81141 Cross Reference We have 1 alternatives for the 81141 by DAYCO:BWP-NSI CT52412 California Proposition 65 Warning WARNING: This product can expose you to chemical which is known to the State of California to cause cancer and birth defects or other reproductive harm. For more information, go to www.P65Warnings.ca.gov. (Read more) ",
            "DAYCO part description ",
            "Product DescriptionFLEX RADIATOR HOSE, STANDARD, DAYCO ",
            "Country of Origin (Primary) PK Harmonized Tariff Code (Schedule B) 4009310000 UPC 00038244142682 ",
            "Hyster 118772 Freshstart 1212 Bowes 1212 Texaco 1212 V&W 1212 Texaco 125 Navistar 134MGN1 Hyster 145817 International Harvester (IHC) 153190 Mazda 1881-15-511 Gates 25474 CARQUEST 25474 Gates 26413 ACDelco 31634 Atlas 524 Goodyear 52412 Uniroyal 6012 Gulf 6012 Pirelli 612 Mobil 6M12 Duralast 81141 Ford B7AA-8260-A Mopar BH610 Ford C2RZ-8260-C AutoZone C6413 Chief C6413 Ford C9AE-8B274-F Ford C9PZ-8260-N Uniroyal FC524 Conoco FH30 NAPA FM21 Motorcraft KB120 Autopar RH35 John Deere T22496T John Deere T24496 John Deere T24496T NAPA FF197 AUTOPAR RH35 ",
            "DAYCO 81141 Cross Reference We have 1 alternatives for the 81141 by DAYCO:BWP-NSI CT52412 ",
            "Product DescriptionFLEX RADIATOR HOSE, STANDARD, DAYCO ",
            "Country of Origin (Primary) PK Harmonized Tariff Code (Schedule B) 4009310000 UPC 00038244142682 ",
            "Hyster 118772 Freshstart 1212 Bowes 1212 Texaco 1212 V&W 1212 Texaco 125 Navistar 134MGN1 Hyster 145817 International Harvester (IHC) 153190 Mazda 1881-15-511 Gates 25474 CARQUEST 25474 Gates 26413 ACDelco 31634 Atlas 524 Goodyear 52412 Uniroyal 6012 Gulf 6012 Pirelli 612 Mobil 6M12 Duralast 81141 Ford B7AA-8260-A Mopar BH610 Ford C2RZ-8260-C AutoZone C6413 Chief C6413 Ford C9AE-8B274-F Ford C9PZ-8260-N Uniroyal FC524 Conoco FH30 NAPA FM21 Motorcraft KB120 Autopar RH35 John Deere T22496T John Deere T24496 John Deere T24496T NAPA FF197 AUTOPAR RH35 ",
            "DAYCO 81141 Cross Reference We have 1 alternatives for the 81141 by DAYCO:BWP-NSI CT52412 ",
            "BWP-NSI CT52412 ",
            "Verified Cross References ",
            "BWP-NSI CT52412 "
        ]
    },
    {
        "Input Brand":"BKRM",
        "Input Part":"81141",
        "Input Description":"Radiator Coolant Hose",
        "URL":"https:\/\/www.ebay.com\/itm\/314192714411",
        "Manufacture Part No":[
            "Manufacturer Part Number81141 ",
            "Manufacturer Part Number81141 ",
            "Manufacturer Part Number81141 ",
            "Manufacturer Part Number81141 ",
            "Manufacturer Part Number81141 ",
            "Manufacturer Part Number81141 "
        ],
        "Other Details":[

        ]
    },
    {
        "Input Brand":"BKRM",
        "Input Part":"81141",
        "Input Description":"Radiator Coolant Hose",
        "URL":"https:\/\/www.amazon.com\/Dayco-81141-Flex-Hose-1-1\/dp\/B000C0YQ08",
        "Manufacture Part No":[
            ""
        ],
        "Other Details":[

        ]
    },
    {
        "Input Brand":"BKRM",
        "Input Part":"81141",
        "Input Description":"Radiator Coolant Hose",
        "URL":"https:\/\/www.amazon.com\/Automotive-Replacement-Radiator-Hoses\/b?ie=UTF8&node=15721521",
        "Manufacture Part No":[

        ],
        "Other Details":[

        ]
    },
    {
        "Input Brand":"BKRM",
        "Input Part":"81141",
        "Input Description":"Radiator Coolant Hose",
        "URL":"https:\/\/www.autozone.com\/cooling-heating-and-climate-control\/hose-upper\/p\/duralast-radiator-coolant-hose-81141\/883561_0_0",
        "Manufacture Part No":[

        ],
        "Other Details":[
            "PRODUCT SPECIFICATIONS Part #81141SKU #883561Weight0.55lbs ",
            "PRODUCT SPECIFICATIONS Part #81141SKU #883561Weight0.55lbs "
        ]
    },
    {
        "Input Brand":"BKRM",
        "Input Part":"81141",
        "Input Description":"Radiator Coolant Hose",
        "URL":"https:\/\/www.autozone.com\/cooling-heating-and-climate-control\/hose-upper\/p\/duralast-radiator-coolant-hose-81141\/883561_0_0",
        "Manufacture Part No":[

        ],
        "Other Details":[
            "PRODUCT SPECIFICATIONS Part #81141SKU #883561Weight0.55lbs ",
            "PRODUCT SPECIFICATIONS Part #81141SKU #883561Weight0.55lbs "
        ]
    },
    {
        "Input Brand":"BKRM",
        "Input Part":"81141",
        "Input Description":"Radiator Coolant Hose",
        "URL":"https:\/\/beamertire.com\/service-RadiatorHoseReplacement.html#:~:text=Your%20vehicle's%20radiator%20hoses%20connect,different%20parts%20of%20your%20vehicle.",
        "Manufacture Part No":[

        ],
        "Other Details":[

        ]
    },
    {
        "Input Brand":"BKRM",
        "Input Part":"81141",
        "Input Description":"Radiator Coolant Hose",
        "URL":"https:\/\/www.fleetpride.com\/category\/cooling-system\/belts-cooling-hoses-clamps\/coolant-hose?srsltid=AfmBOooN9pi4THo6ffa4GN6Uw48BJY3ljZeoIwW_OJ8Ed6DyXoa5acXt",
        "Manufacture Part No":[

        ],
        "Other Details":[

        ]
    },
    {
        "Input Brand":"BKRM",
        "Input Part":"81141",
        "Input Description":"Radiator Coolant Hose",
        "URL":"https:\/\/www.fleetpride.com\/parts\/power-products-radiator-hose-gpc275?srsltid=AfmBOorNgkaQj_3aW0RxW1XKrJyZzudl1tev3FAxnsILwcGGcTs5Pg5S",
        "Manufacture Part No":[

        ],
        "Other Details":[

        ]
    },
    {
        "Input Brand":"BKRM",
        "Input Part":"81141",
        "Input Description":"Radiator Coolant Hose",
        "URL":"https:\/\/www.autozone.com\/cooling-heating-and-climate-control\/hose-upper\/p\/duralast-radiator-coolant-hose-81141\/883561_0_0",
        "Manufacture Part No":[

        ],
        "Other Details":[
            "PRODUCT SPECIFICATIONS Part #81141SKU #883561Weight0.55lbs ",
            "PRODUCT SPECIFICATIONS Part #81141SKU #883561Weight0.55lbs "
        ]
    },
    {
        "Input Brand":"BKRM",
        "Input Part":"81141",
        "Input Description":"Radiator Coolant Hose",
        "URL":"https:\/\/www.partcatalog.com\/dayco-81141-radiator-coolant-hose.html?srsltid=AfmBOoq4qe-YLdqZcfOa36M_DxOZluombtWsCFAaA6n2hUQyhgdbywkU",
        "Manufacture Part No":[

        ],
        "Other Details":[
            "Dayco 81141 Radiator Coolant HoseFits: Alfa Romeo 164, American Motors AMX, American Motors Concord, American Motors Eagle, American Motors Gremlin, American Motors Hornet, American Motors Javelin, American Motors Matador, American Motors Spirit, Buick Century + 242 More (check fitment chart for compatibility)Confirm fitment with our fitment and interchange chart below ",
            "Interchanges 6M12 ACDelco 31634 Atlas 524 Autopar RH35 AutoZone C6413 Bowes 1212 CARQUEST 25474 Chief C6413 Conoco FH30 Duralast 81141 Ford B7AA-8260-A, C2RZ-8260-C, C9AE-8B274-F, C9PZ-8260-N Freshstart 1212 Gates 25474, 26413 Goodyear 52412 Gulf 6012 Hyster 118772, 145817 International Harvester (IHC) 153190 John Deere T22496T, T24496, T24496T Mazda 1881-15-511 Mopar BH610 Motorcraft KB120 NAPA FF197, FM21 Navistar 134MGN1 Pirelli 612 Texaco 1212, 125 Uniroyal 6012, FC524 V&W 1212 "
        ]
    },
    {
        "Input Brand":"BKRM",
        "Input Part":"81141",
        "Input Description":"Radiator Coolant Hose",
        "URL":"https:\/\/www.amazon.in\/Dayco-81341-Radiator-Hose\/dp\/B000C0YQ1M",
        "Manufacture Part No":[
            ""
        ],
        "Other Details":[
            "Product description Precision molded in standard lengths, Dayco's Flex Radiator Hose is designed to replace straight or molded radiator hoses. This Flex Radiator Hose is another Dayco product proudly made in the USA. Note: This hose is NOT suitable for fuel or oil transfer. ",
            "Product description Precision molded in standard lengths, Dayco's Flex Radiator Hose is designed to replace straight or molded radiator hoses. This Flex Radiator Hose is another Dayco product proudly made in the USA. Note: This hose is NOT suitable for fuel or oil transfer. ",
            "Precision molded in standard lengths, Dayco's Flex Radiator Hose is designed to replace straight or molded radiator hoses. This Flex Radiator Hose is another Dayco product proudly made in the USA. Note: This hose is NOT suitable for fuel or oil transfer. ",
            "Manufacturer \u200eDayco Brand \u200eDayco Model \u200e81341 Product Dimensions \u200e5.21 x 5.21 x 47.63 cm; 453.59 g Item model number \u200e81341 Manufacturer Part Number \u200e81341 OEM Part Number \u200e81341 Colour \u200eBlack Assembly Required \u200eNo Manufacturer \u200eDayco Country of Origin \u200eUSA Item Weight \u200e454 g ",
            "Additional Information ASIN B000C0YQ1M Date First Available 28 August 2012 Item Dimensions LxWxH 5.2 x 5.2 x 47.6 Centimeters Net Quantity 1.0 count ",
            "ASIN B000C0YQ1M Date First Available 28 August 2012 Item Dimensions LxWxH 5.2 x 5.2 x 47.6 Centimeters Net Quantity 1.0 count "
        ]
    },
    {
        "Input Brand":"BKRM",
        "Input Part":"81141",
        "Input Description":"Radiator Coolant Hose",
        "URL":"https:\/\/boodmo.com\/catalog\/4111-radiator_hose\/m12240-tata-nexon\/?srsltid=AfmBOooyPP3aY2SgqgHPCzYIaX1jZgWU40T6Ykhf6m_T6UanSqHt4SAT",
        "Manufacture Part No":[

        ],
        "Other Details":[

        ]
    },
    {
        "Input Brand":"BKRM",
        "Input Part":"81141",
        "Input Description":"Radiator Coolant Hose",
        "URL":"https:\/\/dir.indiamart.com\/impcat\/radiator-hose.html",
        "Manufacture Part No":[

        ],
        "Other Details":[

        ]
    },
    {
        "Input Brand":"BKRM",
        "Input Part":"81141",
        "Input Description":"Radiator Coolant Hose",
        "URL":"https:\/\/www.flipkart.com\/surya-prakash-gupta-water-radiator-engine-coolant-hose-pipe\/p\/itm469479558c765",
        "Manufacture Part No":[

        ],
        "Other Details":[

        ]
    },
    {
        "Input Brand":"BKRM",
        "Input Part":"81141",
        "Input Description":"Radiator Coolant Hose",
        "URL":"https:\/\/jkfenner.com\/downloads\/down.php?file=Radiator+Hose.pdf",
        "Manufacture Part No":[

        ],
        "Other Details":[

        ]
    },
    {
        "Input Brand":"BKRM",
        "Input Part":"81141",
        "Input Description":"Radiator Coolant Hose",
        "URL":"https:\/\/beamertire.com\/service-RadiatorHoseReplacement.html#:~:text=Your%20vehicle's%20radiator%20hoses%20connect,different%20parts%20of%20your%20vehicle.",
        "Manufacture Part No":[

        ],
        "Other Details":[

        ]
    },
    {
        "Input Brand":"BKRM",
        "Input Part":"81141",
        "Input Description":"Radiator Coolant Hose",
        "URL":"https:\/\/www.kbb.com\/service-repair-guide\/radiator-hose-replacement-costs\/#:~:text=The%20average%20cost%20for%20a,hose%20in%20your%20local%20area.",
        "Manufacture Part No":[

        ],
        "Other Details":[

        ]
    }
]