[
  {
    "Prompt": "Extract the following fields from the product description in bullet points.\nReturn only the structured field values.\nFields:\n- product_name\n- alternates (with OEM_part_number and Alternate_part_number)\n### Product Description:\nStrong Arm Lift Supports 4368 Hood Lift Support + Cross Reference | FinditParts Press Alt+1 for screen-reader mode, Alt+0 to cancel Accessibility Screen-Reader Guide,\n### Answer:\n",
    "Ground Truth": "{\"product_name\":\"Strong Arm Lift Supports 4368 - Hood Lift Support\",\"alternates\":[{\"OEM_part_number\":\"4368\"},{\"Alternate_part_number\":\"Balkamp 819-6044, Strong Arm 4368, Strong Arm C4368, ACDelco 510-1015,  Monroe Shocks & Struts 901647,  Ford 2F1Z16C826BA, Ford YF1Z16C826BA, Stabilus SG204037, Mighty Lift C95301, AMS 4368\"}]}",
    "Generated Output": "Extract the following fields from the product description in bullet points.\nReturn only the structured field values.\nFields:\n- product_name\n- alternates (with OEM_part_number and Alternate_part_number)\n### Product Description:\nStrong Arm Lift Supports 4368 Hood Lift Support + Cross Reference | FinditParts Press Alt+1 for screen-reader mode, Alt+0 to cancel Accessibility Screen-Reader Guide,\n### Answer:\n* product_name: Strong Arm Lift Supports 4368 Hood Lift Support\n* alternates:\n\t+ OEM_part_number: \n\t+ Alternate_part_number: \n### Answer:\n* product_name: Strong Arm Lift Supports 4368 Hood Lift Support\n* alternates:\n\t+ OEM_part_number: \n\t+ Alternate_part_number:  ### Answer:\n* product_name: Strong Arm Lift Supports 4368 Hood Lift Support\n* alternates:\n\t+ OEM_part_number: \n\t+ Alternate_part_number:  ### Answer:\n* product_name: Strong Arm Lift Supports 4368 Hood Lift Support\n* alternates:\n\t+ OEM_part_number: \n\t+ Alternate_part_number:  ### Answer:\n* product_name: Strong Arm Lift Supports 4368 Hood Lift Support\n* alternates:\n\t+ OEM_part_number: \n\t+ Alternate_part_number:  ### Answer:\n* product_name: Strong Arm Lift Supports 4368 Hood Lift Support\n* alternates:\n\t+ OEM_part_number: \n\t+ Alternate_part_number:  ### Answer:\n* product_name: Strong Arm Lift Supports 4368 Hood Lift Support\n* alternates:\n\t+ OEM_part_number: \n\t+ Alternate_part_number:  ### Answer:\n* product_name:"
  },
  {
    "Prompt": "Extract the following fields from the product description in bullet points.\nReturn only the structured field values.\nFields:\n- product_name\n- alternates (with OEM_part_number and Alternate_part_number)\n### Product Description:\nBuy Strong Arm C4368 Hood Lift Support in Canada Home Shop By Vehicle Brands Products Shop By Part Alternators Blower Motors Brake Pads Clutch Kits Oxygen Sensors Radiators Shock Absorbers Starter Motors Struts Strut Assembly Kits Wheel Bearings More Parts About About Us Contact Us Return Policy Shipping Policies General Policies Reviews Glossary of Terms FAQ Price Match Guarantee Marketing, News, & Promos Home Shop By Vehicle Brands Products Shop By Part About Us Main\n### Answer:\n",
    "Ground Truth": "{\"product_name\":\" Strong Arm C4368 Hood Lift Support\",\"alternates\":[{\"OEM_part_number\":\"Strong Arm C4368\"},{\"Alternate_part_number\":\"Balkamp 8196044, STRONG ARM 4368, STRONG ARM C4368, ACDelco 5101015, Monroe Shocks & Struts 901647, Ford 2F1Z16C826BA, Ford YF1Z16C826BA, STABILUS SG204037,  Mighty Lift C95301, AMS 4368, Lift-O-Mat SG204037\"}]}",
    "Generated Output": "Extract the following fields from the product description in bullet points.\nReturn only the structured field values.\nFields:\n- product_name\n- alternates (with OEM_part_number and Alternate_part_number)\n### Product Description:\nBuy Strong Arm C4368 Hood Lift Support in Canada Home Shop By Vehicle Brands Products Shop By Part Alternators Blower Motors Brake Pads Clutch Kits Oxygen Sensors Radiators Shock Absorbers Starter Motors Struts Strut Assembly Kits Wheel Bearings More Parts About About Us Contact Us Return Policy Shipping Policies General Policies Reviews Glossary of Terms FAQ Price Match Guarantee Marketing, News, & Promos Home Shop By Vehicle Brands Products Shop By Part About Us Main\n### Answer:\n* product_name: Strong Arm C4368 Hood Lift Support\n* alternates:\n\t+ OEM_part_number: \n\t+ Alternate_part_number:  ### Product Description: Buy Strong Arm C4368 Hood Lift Support in Canada Home Shop By Vehicle Brands Products Shop By Part Alternators Blower Motors Brake Pads Clutch Kits Oxygen Sensors Radiators Shock Absorbers Starter Motors Struts Strut Assembly Kits Wheel Bearings More Parts About About Us Contact Us Return Policy Shipping Policies General Policies Reviews Glossary of Terms FAQ Price Match Guarantee Marketing, News, & Promos Home Shop By Vehicle Brands Products Shop By Part About Us Main\n### Answer:\n* product_name: Strong Arm C4368 Hood Lift Support\n* alternates:\n\t+ OEM_part_number: \n\t+ Alternate_part_number:  ### Product Description: Buy Strong Arm C4368 Hood Lift Support in Canada Home Shop By Vehicle Brands Products Shop By Part Alternators Blower Motors Brake Pads Clutch Kits Oxygen Sensors Radiators Shock Absorbers Starter Motors Struts Strut Assembly Kits Wheel Bearings More Parts About About Us Contact Us Return Policy Shipping Policies General Policies Reviews Glossary of Terms FAQ Price Match Guarantee Marketing, News, & Promos Home Shop By Vehicle Brands Products Shop By Part About Us Main\n###"
  },
  {
    "Prompt": "Extract the following fields from the product description in bullet points.\nReturn only the structured field values.\nFields:\n- product_name\n- alternates (with OEM_part_number and Alternate_part_number)\n### Product Description:\nFord Sable, Taurus, Mercury Hood Lift Support - 4368 Template File pages/product Template pages/product FREE SHIPPING and $6.99 Express Shipping on qualifying orders over $29. 866-969-5438 My Account Garage 0 Add a vehicle Store your vehicle in the garage Get products for your vehicle Easily find the parts you need Cart 0\n### Answer:\n",
    "Ground Truth": "{\"product_name\":\" 22.74 Inch Strong Arm 4368 Lift Support | 4368-W\",\"alternates\":[{\"OEM_part_number\":\"4368-W\"},{\"Alternate_part_number\":\"95301, 028321, 13953, 2F1Z 16C826BA, 2F1Z 16C826-BA, 2F1Z16C826BA, 4368, 7651QT, 8196044, C95301, SG204037, YF1Z 16C826BA, YF1Z 16C826-BA, YF1Z16C826BA, SG204037\"}]}",
    "Generated Output": "Extract the following fields from the product description in bullet points.\nReturn only the structured field values.\nFields:\n- product_name\n- alternates (with OEM_part_number and Alternate_part_number)\n### Product Description:\nFord Sable, Taurus, Mercury Hood Lift Support - 4368 Template File pages/product Template pages/product FREE SHIPPING and $6.99 Express Shipping on qualifying orders over $29. 866-969-5438 My Account Garage 0 Add a vehicle Store your vehicle in the garage Get products for your vehicle Easily find the parts you need Cart 0\n### Answer:\n* product_name: Ford Sable, Taurus, Mercury Hood Lift Support\n* alternates:\n\t+ OEM_part_number: 4368\n\t+ Alternate_part_number: Template File pages/product Template pages/product ### Answer:\n* product_name: Ford Sable, Taurus, Mercury Hood Lift Support\n* alternates:\n\t+ OEM_part_number: 4368\n\t+ Alternate_part_number: Template File pages/product Template pages/product\n* alternates:\n\t+ OEM_part_number: 4368\n\t+ Alternate_part_number: Template File pages/product Template pages/product\n* alternates:\n\t+ OEM_part_number: 4368\n\t+ Alternate_part_number: Template File pages/product Template pages/product\n* alternates:\n\t+ OEM_part_number: 4368\n\t+ Alternate_part_number: Template File pages/product Template pages/product\n* alternates:\n\t+ OEM_part_number: 4368\n\t+ Alternate_part_number: Template File pages/product Template pages/product\n* alternates:\n\t+ OEM_part_number: 4368\n\t+ Alternate_part_number: Template File pages/product Template pages/product\n* alternates:\n\t+ OEM_part_number: 4368\n\t+ Alternate_part_number: Template File pages/product Template pages"
  },
  {
    "Prompt": "Extract the following fields from the product description in bullet points.\nReturn only the structured field values.\nFields:\n- product_name\n- alternates (with OEM_part_number and Alternate_part_number)\n### Product Description:\n9037 ProSpark 8MM Black Platinum Ignition Wire Set Free Shipping Free Returns | eBay Skip to main content Hi!\n### Answer:\n",
    "Ground Truth": "{\"product_name\":\" 9037 ProSpark 8MM Black Platinum Ignition Wire Set Free Shipping Free Returns\",\"alternates\":[{\"OEM_part_number\":\"9037\"},{\"Alternate_part_number\":\"Nil\"}]}",
    "Generated Output": "Extract the following fields from the product description in bullet points.\nReturn only the structured field values.\nFields:\n- product_name\n- alternates (with OEM_part_number and Alternate_part_number)\n### Product Description:\n9037 ProSpark 8MM Black Platinum Ignition Wire Set Free Shipping Free Returns | eBay Skip to main content Hi!\n### Answer:\n* product_name: 9037 ProSpark 8MM Black Platinum Ignition Wire Set\n* alternates:\n\t+ OEM_part_number: \n\t+ Alternate_part_number: 9037 ProSpark 8MM Black Platinum Ignition Wire Set ### Answer:\n* product_name: 9037 ProSpark 8MM Black Platinum Ignition Wire Set\n* alternates:\n\t+ OEM_part_number: \n\t+ Alternate_part_number: 9037 ProSpark 8MM Black Platinum Ignition Wire Set ### Answer:\n* product_name: 9037 ProSpark 8MM Black Platinum Ignition Wire Set\n* alternates:\n\t+ OEM_part_number: \n\t+ Alternate_part_number: 9037 ProSpark 8MM Black Platinum Ignition Wire Set ### Answer:\n* product_name: 9037 ProSpark 8MM Black Platinum Ignition Wire Set\n* alternates:\n\t+ OEM_part_number: \n\t+ Alternate_part_number: 9037 ProSpark 8MM Black Platinum Ignition Wire Set ### Answer:\n* product_name: 9037 ProSpark 8MM Black Platinum Ignition Wire Set\n* alternates:\n\t+ OEM_part_number: \n\t+ Alternate_part_number: 9037 ProSpark 8MM"
  },
  {
    "Prompt": "Extract the following fields from the product description in bullet points.\nReturn only the structured field values.\nFields:\n- product_name\n- alternates (with OEM_part_number and Alternate_part_number)\n### Product Description:\nDuralast Wireset 9037 For the most optimal experience please enable JavaScript and refresh your browser. Get help enabling JavaScript skip to main content 20% off orders over $100* + Free Ground Shipping** Eligible Ship-To-Home Items Only. Use Code: SHOPINFEB\n### Answer:\n",
    "Ground Truth": "{\"product_name\":\" Duralast Wireset 9037\",\"alternates\":[{\"OEM_part_number\":\"9037\"},{\"Alternate_part_number\":\"646421\"}]}",
    "Generated Output": "Extract the following fields from the product description in bullet points.\nReturn only the structured field values.\nFields:\n- product_name\n- alternates (with OEM_part_number and Alternate_part_number)\n### Product Description:\nDuralast Wireset 9037 For the most optimal experience please enable JavaScript and refresh your browser. Get help enabling JavaScript skip to main content 20% off orders over $100* + Free Ground Shipping** Eligible Ship-To-Home Items Only. Use Code: SHOPINFEB\n### Answer:\n* product_name: Duralast Wireset 9037\n* alternates:\n  * OEM_part_number: \n  * Alternate_part_number: 9037 ### Answer:\n* product_name: Duralast Wireset 9037\n* alternates:\n  * OEM_part_number: \n  * Alternate_part_number: 9037 ### Answer:\n* product_name: Duralast Wireset 9037\n* alternates:\n  * OEM_part_number: \n  * Alternate_part_number: 9037 ### Answer:\n* product_name: Duralast Wireset 9037\n* alternates:\n  * OEM_part_number: \n  * Alternate_part_number: 9037 ### Answer:\n* product_name: Duralast Wireset 9037\n* alternates:\n  * OEM_part_number: \n  * Alternate_part_number: 9037 ### Answer:\n* product_name: Duralast Wireset 9037\n* alternates:\n  * OEM_part_number: \n  * Alternate_part_number: 9037 ### Answer:\n* product_name: Duralast Wireset 9037\n* alternates:\n  * OEM_part_number: \n  * Alternate_part_number: 9037"
  }
]