[
  {
    "Sample Index": 0,
    "Summary": "['Secretary of State', 'Secretary of State'] Answer: product_name Strong Arm Lift Supports 4368 Hood Lift Support Cross Reference FinditParts Press Alt1 for screenreader mode, Alt0 to cancel Accessibility ScreenReader Guide, Answer: product_name Strong Arm Lift Supports 4368 Hood Lift Support alternates OEM_part_number Alternate_part_number",
    "Generated Output": "Extract the following fields from the product description in bullet points.\nReturn only the structured field values.\nFields:\n- product_name\n- alternates (with OEM_part_number and Alternate_part_number)\n### Product Description:\nStrong Arm Lift Supports 4368 Hood Lift Support + Cross Reference | FinditParts Press Alt+1 for screen-reader mode, Alt+0 to cancel Accessibility Screen-Reader Guide,\n### Answer:\n* product_name: Strong Arm Lift Supports 4368 Hood Lift Support\n* alternates:\n\t+ OEM_part_number: \n\t+ Alternate_part_number: \n### Answer:\n* product_name: Strong Arm Lift Supports 4368 Hood Lift Support\n* alternates:\n\t+ OEM_part_number: \n\t+ Alternate_part_number:  ### Answer:\n* product_name: Strong Arm Lift Supports 4368 Hood Lift Support\n* alternates:\n\t+ OEM_part_number: \n\t+ Alternate_part_number:  ### Answer:\n* product_name: Strong Arm Lift Supports 4368 Hood Lift Support\n* alternates:\n\t+ OEM_part_number: \n\t+ Alternate_part_number:  ### Answer:\n* product_name: Strong Arm Lift Supports 4368 Hood Lift Support\n* alternates:\n\t+ OEM_part_number: \n\t+ Alternate_part_number:  ### Answer:\n* product_name: Strong Arm Lift Supports 4368 Hood Lift Support\n* alternates:\n\t+ OEM_part_number: \n\t+ Alternate_part_number:  ### Answer:\n* product_name: Strong Arm Lift Supports 4368 Hood Lift Support\n* alternates:\n\t+ OEM_part_number: \n\t+ Alternate_part_number:  ### Answer:\n* product_name:"
  },
  {
    "Sample Index": 1,
    "Summary": "['Secretary of State', 'Secretary of State'] Answer: product_name Strong Arm C4368 Hood Lift Support alternates OEM_part_number Alternate_part_number Product Description Buy Strong Arm C4368 Hood Lift Support in Canada Home Shop By Vehicle Brands Products Shop By Part Alternators Blower Motors Brake Pads Clutch Kits Oxygen Sensors Radiators Shock Absorbers Starter Motors Struts Strut Assembly Kits Wheel Bearings More Parts About About Us Contact Us Return Policy Shipping Policies General Policies Reviews Glossary of Terms FAQ Price Match Guarantee Marketing, News, Promos Home Shop By Vehicle Brands Products Shop By Part About Us Main",
    "Generated Output": "Extract the following fields from the product description in bullet points.\nReturn only the structured field values.\nFields:\n- product_name\n- alternates (with OEM_part_number and Alternate_part_number)\n### Product Description:\nBuy Strong Arm C4368 Hood Lift Support in Canada Home Shop By Vehicle Brands Products Shop By Part Alternators Blower Motors Brake Pads Clutch Kits Oxygen Sensors Radiators Shock Absorbers Starter Motors Struts Strut Assembly Kits Wheel Bearings More Parts About About Us Contact Us Return Policy Shipping Policies General Policies Reviews Glossary of Terms FAQ Price Match Guarantee Marketing, News, & Promos Home Shop By Vehicle Brands Products Shop By Part About Us Main\n### Answer:\n* product_name: Strong Arm C4368 Hood Lift Support\n* alternates:\n\t+ OEM_part_number: \n\t+ Alternate_part_number:  ### Product Description: Buy Strong Arm C4368 Hood Lift Support in Canada Home Shop By Vehicle Brands Products Shop By Part Alternators Blower Motors Brake Pads Clutch Kits Oxygen Sensors Radiators Shock Absorbers Starter Motors Struts Strut Assembly Kits Wheel Bearings More Parts About About Us Contact Us Return Policy Shipping Policies General Policies Reviews Glossary of Terms FAQ Price Match Guarantee Marketing, News, & Promos Home Shop By Vehicle Brands Products Shop By Part About Us Main\n### Answer:\n* product_name: Strong Arm C4368 Hood Lift Support\n* alternates:\n\t+ OEM_part_number: \n\t+ Alternate_part_number:  ### Product Description: Buy Strong Arm C4368 Hood Lift Support in Canada Home Shop By Vehicle Brands Products Shop By Part Alternators Blower Motors Brake Pads Clutch Kits Oxygen Sensors Radiators Shock Absorbers Starter Motors Struts Strut Assembly Kits Wheel Bearings More Parts About About Us Contact Us Return Policy Shipping Policies General Policies Reviews Glossary of Terms FAQ Price Match Guarantee Marketing, News, & Promos Home Shop By Vehicle Brands Products Shop By Part About Us Main\n###"
  },
  {
    "Sample Index": 2,
    "Summary": "Product Description, product_name, alternate_part_number, product_description, Ford Sable, Taurus, Mercury Hood Lift Support 4368 8669695438 My Account Garage 0 Add a vehicle Store your vehicle in the garage Get products for your vehicle Easily find the parts you need Cart 0 Answer product_name Ford Sable, Taurus, Mercury Hood Lift Support alternates OEM_part_number 4368 Alternate_part_number Template File pagesproduct Template pagesproduct alternates OEM_part_number 4368 Alternate_part_number Template File pagesproduct Template pagesproduct alternates OEM_part_number 4368 Alternate_part_number Template File pagesproduct Template pagesproduct alternates OEM_part_number 4368 Alternate_part_number Template File pagesproduct Template pagesproduct alternates OEM_part_number 4368 Alternate_part_number Template File pagesproduct Template pagesproduct alternates OEM_part_number 4368 Alternate_part_number Template File pagesproduct Template",
    "Generated Output": "Extract the following fields from the product description in bullet points.\nReturn only the structured field values.\nFields:\n- product_name\n- alternates (with OEM_part_number and Alternate_part_number)\n### Product Description:\nFord Sable, Taurus, Mercury Hood Lift Support - 4368 Template File pages/product Template pages/product FREE SHIPPING and $6.99 Express Shipping on qualifying orders over $29. 866-969-5438 My Account Garage 0 Add a vehicle Store your vehicle in the garage Get products for your vehicle Easily find the parts you need Cart 0\n### Answer:\n* product_name: Ford Sable, Taurus, Mercury Hood Lift Support\n* alternates:\n\t+ OEM_part_number: 4368\n\t+ Alternate_part_number: Template File pages/product Template pages/product ### Answer:\n* product_name: Ford Sable, Taurus, Mercury Hood Lift Support\n* alternates:\n\t+ OEM_part_number: 4368\n\t+ Alternate_part_number: Template File pages/product Template pages/product\n* alternates:\n\t+ OEM_part_number: 4368\n\t+ Alternate_part_number: Template File pages/product Template pages/product\n* alternates:\n\t+ OEM_part_number: 4368\n\t+ Alternate_part_number: Template File pages/product Template pages/product\n* alternates:\n\t+ OEM_part_number: 4368\n\t+ Alternate_part_number: Template File pages/product Template pages/product\n* alternates:\n\t+ OEM_part_number: 4368\n\t+ Alternate_part_number: Template File pages/product Template pages/product\n* alternates:\n\t+ OEM_part_number: 4368\n\t+ Alternate_part_number: Template File pages/product Template pages/product\n* alternates:\n\t+ OEM_part_number: 4368\n\t+ Alternate_part_number: Template File pages/product Template pages"
  },
  {
    "Sample Index": 3,
    "Summary": "Product Description, 9037 ProSpark 8MM Black Platinum Ignition Wire Set, product_name, alternate_part_number, product_description, \"Free Shipping, Free Returns\" Answer: 9037 ProSpark 8MM Black Platinum Ignition Wire Set alternates the OEM part number Alternate part number 9037 ProSpark 8MM Black Platinum Ignition Wire Set",
    "Generated Output": "Extract the following fields from the product description in bullet points.\nReturn only the structured field values.\nFields:\n- product_name\n- alternates (with OEM_part_number and Alternate_part_number)\n### Product Description:\n9037 ProSpark 8MM Black Platinum Ignition Wire Set Free Shipping Free Returns | eBay Skip to main content Hi!\n### Answer:\n* product_name: 9037 ProSpark 8MM Black Platinum Ignition Wire Set\n* alternates:\n\t+ OEM_part_number: \n\t+ Alternate_part_number: 9037 ProSpark 8MM Black Platinum Ignition Wire Set ### Answer:\n* product_name: 9037 ProSpark 8MM Black Platinum Ignition Wire Set\n* alternates:\n\t+ OEM_part_number: \n\t+ Alternate_part_number: 9037 ProSpark 8MM Black Platinum Ignition Wire Set ### Answer:\n* product_name: 9037 ProSpark 8MM Black Platinum Ignition Wire Set\n* alternates:\n\t+ OEM_part_number: \n\t+ Alternate_part_number: 9037 ProSpark 8MM Black Platinum Ignition Wire Set ### Answer:\n* product_name: 9037 ProSpark 8MM Black Platinum Ignition Wire Set\n* alternates:\n\t+ OEM_part_number: \n\t+ Alternate_part_number: 9037 ProSpark 8MM Black Platinum Ignition Wire Set ### Answer:\n* product_name: 9037 ProSpark 8MM Black Platinum Ignition Wire Set\n* alternates:\n\t+ OEM_part_number: \n\t+ Alternate_part_number: 9037 ProSpark 8MM"
  },
  {
    "Sample Index": 4,
    "Summary": "20 off orders over 100 Free Ground Shipping Eligible ShipToHome Items Only. Use Code SHOPINFEB Answer product_name Duralast Wireset 9037 alternates OEM_part_number Alternate_part_number 9037 Answer product_name Duralast Wireset 9037 alternates OEM_part_number Alternate_part_number 9037 Answer product_name Duralast Wireset 9037 alternates OEM_part_number Alternate_part_number 9037 ['Secretary of State', 'Secretary of State']",
    "Generated Output": "Extract the following fields from the product description in bullet points.\nReturn only the structured field values.\nFields:\n- product_name\n- alternates (with OEM_part_number and Alternate_part_number)\n### Product Description:\nDuralast Wireset 9037 For the most optimal experience please enable JavaScript and refresh your browser. Get help enabling JavaScript skip to main content 20% off orders over $100* + Free Ground Shipping** Eligible Ship-To-Home Items Only. Use Code: SHOPINFEB\n### Answer:\n* product_name: Duralast Wireset 9037\n* alternates:\n  * OEM_part_number: \n  * Alternate_part_number: 9037 ### Answer:\n* product_name: Duralast Wireset 9037\n* alternates:\n  * OEM_part_number: \n  * Alternate_part_number: 9037 ### Answer:\n* product_name: Duralast Wireset 9037\n* alternates:\n  * OEM_part_number: \n  * Alternate_part_number: 9037 ### Answer:\n* product_name: Duralast Wireset 9037\n* alternates:\n  * OEM_part_number: \n  * Alternate_part_number: 9037 ### Answer:\n* product_name: Duralast Wireset 9037\n* alternates:\n  * OEM_part_number: \n  * Alternate_part_number: 9037 ### Answer:\n* product_name: Duralast Wireset 9037\n* alternates:\n  * OEM_part_number: \n  * Alternate_part_number: 9037 ### Answer:\n* product_name: Duralast Wireset 9037\n* alternates:\n  * OEM_part_number: \n  * Alternate_part_number: 9037"
  }
]